<?xml version = '1.0' encoding = 'UTF-8'?>
<TableProxyOraclev11g class="oracle.dbtools.crest.model.design.storage.oracle.v11g.TableProxyOraclev11g" name="TOWAR" directorySegmentName="seg_0" id="332CA95E-6E71-85F0-4D87-BF7BEFBC87DB">
<createdBy>Konrad</createdBy>
<createdTime>2016-01-06 12:09:58 UTC</createdTime>
<ownerDesignName>PROJEKT MODEL</ownerDesignName>
<logging>YES</logging>
<partitionedRowMovement>DISABLE</partitionedRowMovement>
<temporaryChanged>false</temporaryChanged>
<accessDriverType>oracle_loader</accessDriverType>
<rejectLimit></rejectLimit>
<columnProxies itemClass="oracle.dbtools.crest.model.design.storage.oracle.v12c.ColumnProxyOraclev12c">
<ColumnProxy name="ID_KRAJU" id="23A6DFA8-4B13-B14E-8921-97D60F72C6DA">
<createdBy>Konrad</createdBy>
<createdTime>2016-01-06 12:09:58 UTC</createdTime>
<ownerDesignName>PROJEKT MODEL</ownerDesignName>
</ColumnProxy>
<ColumnProxy name="CENA" id="35ECD219-5858-BBDE-A211-6CD3D4694511">
<createdBy>Konrad</createdBy>
<createdTime>2016-01-06 12:09:58 UTC</createdTime>
<ownerDesignName>PROJEKT MODEL</ownerDesignName>
</ColumnProxy>
<ColumnProxy name="ID_TOWARU" id="6D1ED9E6-1F59-4D90-1A40-B3BFEF6DD2AF">
<createdBy>Konrad</createdBy>
<createdTime>2016-01-06 12:09:58 UTC</createdTime>
<ownerDesignName>PROJEKT MODEL</ownerDesignName>
<defaultValue>SEQ_TOWAR</defaultValue>
</ColumnProxy>
<ColumnProxy name="ID_TYPU" id="6E0E00C3-1FB0-22D3-D462-B4BEDF04CBA4">
<createdBy>Konrad</createdBy>
<createdTime>2016-01-06 12:09:58 UTC</createdTime>
<ownerDesignName>PROJEKT MODEL</ownerDesignName>
</ColumnProxy>
<ColumnProxy name="NAZWA" id="79EA656A-6885-59AD-A10B-6AB60DEBE496">
<createdBy>Konrad</createdBy>
<createdTime>2016-01-06 12:09:58 UTC</createdTime>
<ownerDesignName>PROJEKT MODEL</ownerDesignName>
</ColumnProxy>
<ColumnProxy name="ID_SKLEPU" id="8A5F6BF7-9217-CB3F-28C5-97BA546422AB">
<createdBy>Konrad</createdBy>
<createdTime>2016-01-06 12:09:58 UTC</createdTime>
<ownerDesignName>PROJEKT MODEL</ownerDesignName>
</ColumnProxy>
</columnProxies>
<foreignKeys>
<ForeignKey class="oracle.dbtools.crest.model.design.storage.oracle.v10g.FKProxyOraclev10g" name="TOWAR_KRAJ PRODUKCJI_FK" id="8C8DB6B3-B7BA-E63B-5723-E1B92E709C91">
<createdBy>Konrad</createdBy>
<createdTime>2016-01-06 12:09:58 UTC</createdTime>
<ownerDesignName>PROJEKT MODEL</ownerDesignName>
</ForeignKey>
<ForeignKey class="oracle.dbtools.crest.model.design.storage.oracle.v10g.FKProxyOraclev10g" name="TOWAR_Typ Towaru_FK" id="97F944A7-CF3A-6067-3C0C-B3E75ED7F6A0">
<createdBy>Konrad</createdBy>
<createdTime>2016-01-06 12:09:58 UTC</createdTime>
<ownerDesignName>PROJEKT MODEL</ownerDesignName>
</ForeignKey>
<ForeignKey class="oracle.dbtools.crest.model.design.storage.oracle.v10g.FKProxyOraclev10g" name="TOWAR_SKLEP_FK" id="F13128C0-C119-4D49-0595-3BF60B5275CB">
<createdBy>Konrad</createdBy>
<createdTime>2016-01-06 12:09:58 UTC</createdTime>
<ownerDesignName>PROJEKT MODEL</ownerDesignName>
</ForeignKey>
</foreignKeys>
<primaryKeys>
<PrimaryKey class="oracle.dbtools.crest.model.design.storage.oracle.v10g.PKProxyOraclev10g" name="TOWAR_PK" id="F71B55BE-F745-6682-0A14-B4D9630ECD35">
<createdBy>Konrad</createdBy>
<createdTime>2016-01-06 12:09:58 UTC</createdTime>
<ownerDesignName>PROJEKT MODEL</ownerDesignName>
<indexSort>SORTED</indexSort>
</PrimaryKey>
</primaryKeys>
</TableProxyOraclev11g>