<?xml version = '1.0' encoding = 'UTF-8'?>
<TableProxyOraclev11g class="oracle.dbtools.crest.model.design.storage.oracle.v11g.TableProxyOraclev11g" name="TYP_TOWARU" directorySegmentName="seg_0" id="450A795C-25F6-A76B-8494-717DC482697A">
<createdBy>Konrad</createdBy>
<createdTime>2016-01-06 12:09:58 UTC</createdTime>
<ownerDesignName>PROJEKT MODEL</ownerDesignName>
<logging>YES</logging>
<partitionedRowMovement>DISABLE</partitionedRowMovement>
<temporaryChanged>false</temporaryChanged>
<accessDriverType>oracle_loader</accessDriverType>
<rejectLimit></rejectLimit>
<columnProxies itemClass="oracle.dbtools.crest.model.design.storage.oracle.v12c.ColumnProxyOraclev12c">
<ColumnProxy name="ID_TYPU" id="B41E41AC-F943-843B-B9A3-01E9EEAAD3C2">
<createdBy>Konrad</createdBy>
<createdTime>2016-01-06 12:09:58 UTC</createdTime>
<ownerDesignName>PROJEKT MODEL</ownerDesignName>
</ColumnProxy>
<ColumnProxy name="NAZWA_TYPU" id="CAF56C83-3B76-8156-43CE-B1EB3129DABA">
<createdBy>Konrad</createdBy>
<createdTime>2016-01-06 12:09:58 UTC</createdTime>
<ownerDesignName>PROJEKT MODEL</ownerDesignName>
</ColumnProxy>
</columnProxies>
<primaryKeys>
<PrimaryKey class="oracle.dbtools.crest.model.design.storage.oracle.v10g.PKProxyOraclev10g" name="Typ Towaru_PK" id="1BF2D76E-7A2C-E20F-14D9-872261808B8A">
<createdBy>Konrad</createdBy>
<createdTime>2016-01-06 12:09:58 UTC</createdTime>
<ownerDesignName>PROJEKT MODEL</ownerDesignName>
<indexSort>SORTED</indexSort>
</PrimaryKey>
</primaryKeys>
</TableProxyOraclev11g>