<?xml version = '1.0' encoding = 'UTF-8'?>
<TableProxyOraclev11g class="oracle.dbtools.crest.model.design.storage.oracle.v11g.TableProxyOraclev11g" name="FAKTURA" directorySegmentName="seg_0" id="6083B70F-5D0B-BDF1-5D32-8E927D340C0D">
<createdBy>Konrad</createdBy>
<createdTime>2016-01-06 12:09:58 UTC</createdTime>
<ownerDesignName>PROJEKT MODEL</ownerDesignName>
<logging>YES</logging>
<partitionedRowMovement>DISABLE</partitionedRowMovement>
<temporaryChanged>false</temporaryChanged>
<accessDriverType>oracle_loader</accessDriverType>
<rejectLimit></rejectLimit>
<columnProxies itemClass="oracle.dbtools.crest.model.design.storage.oracle.v12c.ColumnProxyOraclev12c">
<ColumnProxy name="ID_FAKTURY" id="2E6AB1AD-6389-5959-2980-53B0225CE38A">
<createdBy>Konrad</createdBy>
<createdTime>2016-01-06 12:09:58 UTC</createdTime>
<ownerDesignName>PROJEKT MODEL</ownerDesignName>
<defaultValue>SEQ_FAKTURA</defaultValue>
</ColumnProxy>
<ColumnProxy name="ID_KLIENTA" id="5A57AC7E-53A0-7EC6-987A-5D82C32A48F7">
<createdBy>Konrad</createdBy>
<createdTime>2016-01-06 12:09:58 UTC</createdTime>
<ownerDesignName>PROJEKT MODEL</ownerDesignName>
</ColumnProxy>
<ColumnProxy name="ID_PRACOWNIKA" id="5E899196-298F-44B8-1BC8-C3D6FD54B8D3">
<createdBy>Konrad</createdBy>
<createdTime>2016-01-06 12:09:58 UTC</createdTime>
<ownerDesignName>PROJEKT MODEL</ownerDesignName>
</ColumnProxy>
<ColumnProxy name="DATA" id="D195FE6F-93E5-FD04-A046-011BED7C4470">
<createdBy>Konrad</createdBy>
<createdTime>2016-01-06 12:09:58 UTC</createdTime>
<ownerDesignName>PROJEKT MODEL</ownerDesignName>
</ColumnProxy>
</columnProxies>
<foreignKeys>
<ForeignKey class="oracle.dbtools.crest.model.design.storage.oracle.v10g.FKProxyOraclev10g" name="FAKTURA_Pracownik_FK" id="7978D6AE-0E74-A3A4-6A52-340DCC29967A">
<createdBy>Konrad</createdBy>
<createdTime>2016-01-06 12:09:58 UTC</createdTime>
<ownerDesignName>PROJEKT MODEL</ownerDesignName>
</ForeignKey>
<ForeignKey class="oracle.dbtools.crest.model.design.storage.oracle.v10g.FKProxyOraclev10g" name="FAKTURA_KLIENT_FK" id="E40E22C2-6E2C-E08E-31B6-DDC7E0654783">
<createdBy>Konrad</createdBy>
<createdTime>2016-01-06 12:09:58 UTC</createdTime>
<ownerDesignName>PROJEKT MODEL</ownerDesignName>
</ForeignKey>
</foreignKeys>
<primaryKeys>
<PrimaryKey class="oracle.dbtools.crest.model.design.storage.oracle.v10g.PKProxyOraclev10g" name="FAKTURA_PK" id="01180D45-8CE3-C1F4-8F87-F89C70C63E17">
<createdBy>Konrad</createdBy>
<createdTime>2016-01-06 12:09:58 UTC</createdTime>
<ownerDesignName>PROJEKT MODEL</ownerDesignName>
<indexSort>SORTED</indexSort>
</PrimaryKey>
</primaryKeys>
</TableProxyOraclev11g>