<?xml version = '1.0' encoding = 'UTF-8'?>
<FKIndexAssociation class="oracle.dbtools.crest.model.design.relational.FKIndexAssociation" directorySegmentName="seg_0" id="85D71EFA-B087-9C12-3C0D-5C6C93069FBB" containerWithKeyObject="ABD26C86-9DB1-0001-EE0E-D7EF39163723" localFKIndex="83241A9E-91FB-07D3-8825-B740C9A70226" name="Pracownik_PŁEĆ_FK">
<createdBy>Konrad</createdBy>
<createdTime>2015-12-20 23:00:05 UTC</createdTime>
<ownerDesignName>PROJEKT MODEL</ownerDesignName>
<deleteRule>NO ACTION</deleteRule>
<referredTableID>B7465963-75B0-2403-B73F-79580762F53E</referredTableID>
<keyObject>D6CC0D8F-E834-BB62-85A0-5B4427D7BF40</keyObject>
<referredKeyID>D6CC0D8F-E834-BB62-85A0-5B4427D7BF40</referredKeyID>
<mandatory>true</mandatory>
<transferable>true</transferable>
<rely>false</rely>
<columnDependencyConstraintGenerateInDDL>true</columnDependencyConstraintGenerateInDDL>
</FKIndexAssociation>