<?xml version = '1.0' encoding = 'UTF-8'?>
<FKIndexAssociation class="oracle.dbtools.crest.model.design.relational.FKIndexAssociation" directorySegmentName="seg_0" id="BF4E2389-4AA7-3240-5665-DB5266CF5959" containerWithKeyObject="4DE8AD42-AA48-6099-206D-464E58DC6DC3" localFKIndex="BC420C10-760C-699A-C28A-CB64387F6053" name="KLIENT_PŁEĆ_FK">
<createdBy>Konrad</createdBy>
<createdTime>2015-12-20 23:00:37 UTC</createdTime>
<ownerDesignName>PROJEKT MODEL</ownerDesignName>
<deleteRule>NO ACTION</deleteRule>
<referredTableID>B7465963-75B0-2403-B73F-79580762F53E</referredTableID>
<keyObject>D6CC0D8F-E834-BB62-85A0-5B4427D7BF40</keyObject>
<referredKeyID>D6CC0D8F-E834-BB62-85A0-5B4427D7BF40</referredKeyID>
<mandatory>true</mandatory>
<transferable>true</transferable>
<rely>false</rely>
<columnDependencyConstraintGenerateInDDL>true</columnDependencyConstraintGenerateInDDL>
</FKIndexAssociation>