<?xml version = '1.0' encoding = 'UTF-8'?>
<Table class="oracle.dbtools.crest.model.design.relational.Table" directorySegmentName="seg_0" id="ABD26C86-9DB1-0001-EE0E-D7EF39163723" name="Pracownik">
<createdBy>Konrad</createdBy>
<createdTime>2015-12-20 22:47:56 UTC</createdTime>
<ownerDesignName>PROJEKT MODEL</ownerDesignName>
<ordsAlias>table_2</ordsAlias>
<allowColumnReorder>false</allowColumnReorder>
<existDependencyGenerateInDDl>true</existDependencyGenerateInDDl>
<parsed>true</parsed>
<columns itemClass="oracle.dbtools.crest.model.design.relational.Column">
<Column name="ID_PRACOWNIKA" id="73F62142-A7CD-E4EE-3547-E140AC149D9D">
<createdBy>Konrad</createdBy>
<createdTime>2015-12-20 22:48:20 UTC</createdTime>
<ownerDesignName>PROJEKT MODEL</ownerDesignName>
<useDomainConstraints>false</useDomainConstraints>
<use>1</use>
<logicalDatatype>LOGDT011</logicalDatatype>
<ownDataTypeParameters>,,</ownDataTypeParameters>
<autoIncrementCycle>false</autoIncrementCycle>
</Column>
<Column name="IMIE" id="2DFC2557-556B-6F95-8995-FED1553D9AB6">
<createdBy>Konrad</createdBy>
<createdTime>2015-12-20 22:49:06 UTC</createdTime>
<ownerDesignName>PROJEKT MODEL</ownerDesignName>
<nullsAllowed>true</nullsAllowed>
<useDomainConstraints>false</useDomainConstraints>
<use>1</use>
<logicalDatatype>LOGDT024</logicalDatatype>
<dataTypeSize>15</dataTypeSize>
<ownDataTypeParameters>15,,</ownDataTypeParameters>
<autoIncrementCycle>false</autoIncrementCycle>
</Column>
<Column name="NAZWISKO" id="57451DA1-92FF-245A-A992-D1D5A0FD881D">
<createdBy>Konrad</createdBy>
<createdTime>2015-12-20 22:49:21 UTC</createdTime>
<ownerDesignName>PROJEKT MODEL</ownerDesignName>
<nullsAllowed>true</nullsAllowed>
<useDomainConstraints>false</useDomainConstraints>
<use>1</use>
<logicalDatatype>LOGDT024</logicalDatatype>
<dataTypeSize>20</dataTypeSize>
<ownDataTypeParameters>20,,</ownDataTypeParameters>
<autoIncrementCycle>false</autoIncrementCycle>
</Column>
<Column name="ULICA" id="73056EC0-E534-F269-20F6-1055D81C9AEA">
<createdBy>Konrad</createdBy>
<createdTime>2015-12-20 22:49:30 UTC</createdTime>
<ownerDesignName>PROJEKT MODEL</ownerDesignName>
<nullsAllowed>true</nullsAllowed>
<useDomainConstraints>false</useDomainConstraints>
<use>1</use>
<logicalDatatype>LOGDT024</logicalDatatype>
<dataTypeSize>20</dataTypeSize>
<ownDataTypeParameters>20,,</ownDataTypeParameters>
<autoIncrementCycle>false</autoIncrementCycle>
</Column>
<Column name="MIEJSCOWOŚĆ" id="7575CDF2-A704-2834-2021-9CEA8B7968CC">
<createdBy>Konrad</createdBy>
<createdTime>2015-12-20 22:49:45 UTC</createdTime>
<ownerDesignName>PROJEKT MODEL</ownerDesignName>
<nullsAllowed>true</nullsAllowed>
<useDomainConstraints>false</useDomainConstraints>
<use>1</use>
<logicalDatatype>LOGDT024</logicalDatatype>
<dataTypeSize>20</dataTypeSize>
<ownDataTypeParameters>20,,</ownDataTypeParameters>
<autoIncrementCycle>false</autoIncrementCycle>
</Column>
<Column name="ID_SKLEPU" id="244F9507-486A-E95F-08E7-24ACE5E46191">
<createdBy>Konrad</createdBy>
<createdTime>2015-12-20 22:51:09 UTC</createdTime>
<ownerDesignName>PROJEKT MODEL</ownerDesignName>
<useDomainConstraints>false</useDomainConstraints>
<use>1</use>
<logicalDatatype>LOGDT011</logicalDatatype>
<ownDataTypeParameters>,,</ownDataTypeParameters>
<previousColumn>false</previousColumn>
<autoIncrementCycle>false</autoIncrementCycle>
<associations>
<colAssociation fkAssociation="DF7A415E-A7DC-18C1-3A66-19E15113A52C" referredColumn="3A4D460B-3F2D-D825-39EB-D8E5E65135E1"/>
</associations>
</Column>
<Column name="ID_PŁCI" id="D05F5E60-54E2-7D28-DDD5-54F27C62881B">
<createdBy>Konrad</createdBy>
<createdTime>2015-12-20 23:00:05 UTC</createdTime>
<ownerDesignName>PROJEKT MODEL</ownerDesignName>
<useDomainConstraints>false</useDomainConstraints>
<use>1</use>
<logicalDatatype>LOGDT011</logicalDatatype>
<ownDataTypeParameters>,,</ownDataTypeParameters>
<previousColumn>false</previousColumn>
<autoIncrementCycle>false</autoIncrementCycle>
<associations>
<colAssociation fkAssociation="85D71EFA-B087-9C12-3C0D-5C6C93069FBB" referredColumn="698C052B-38B5-DA59-E82C-E6F8C79D6E2A"/>
</associations>
</Column>
</columns>
<indexes itemClass="oracle.dbtools.crest.model.design.relational.Index">
<ind_PK_UK id="A06CBE0E-80D5-C017-D1C4-49E76FD502D3" name="Pracownik_PK">
<createdBy>Konrad</createdBy>
<createdTime>2015-12-20 22:48:20 UTC</createdTime>
<ownerDesignName>PROJEKT MODEL</ownerDesignName>
<pk>true</pk>
<indexState>Primary Constraint</indexState>
<isSurrogateKey>false</isSurrogateKey>
<indexColumnUsage>
<colUsage columnID="73F62142-A7CD-E4EE-3547-E140AC149D9D"/>
</indexColumnUsage>
</ind_PK_UK>
<ind_PK_UK id="067A8907-1306-CCAF-F8AB-7EFEEEA1D42A" name="Pracownik_SKLEP_FK">
<createdBy>Konrad</createdBy>
<createdTime>2015-12-20 22:51:09 UTC</createdTime>
<ownerDesignName>PROJEKT MODEL</ownerDesignName>
<indexState>Foreign Key</indexState>
<isSurrogateKey>false</isSurrogateKey>
<indexColumnUsage>
<colUsage columnID="244F9507-486A-E95F-08E7-24ACE5E46191"/>
</indexColumnUsage>
</ind_PK_UK>
<ind_PK_UK id="83241A9E-91FB-07D3-8825-B740C9A70226" name="Pracownik_PŁEĆ_FK">
<createdBy>Konrad</createdBy>
<createdTime>2015-12-20 23:00:05 UTC</createdTime>
<ownerDesignName>PROJEKT MODEL</ownerDesignName>
<indexState>Foreign Key</indexState>
<isSurrogateKey>false</isSurrogateKey>
<indexColumnUsage>
<colUsage columnID="D05F5E60-54E2-7D28-DDD5-54F27C62881B"/>
</indexColumnUsage>
</ind_PK_UK>
</indexes>
</Table>