<?xml version = '1.0' encoding = 'UTF-8'?>
<Table class="oracle.dbtools.crest.model.design.relational.Table" directorySegmentName="seg_0" id="B7465963-75B0-2403-B73F-79580762F53E" name="PŁEĆ">
<createdBy>Konrad</createdBy>
<createdTime>2015-12-20 22:56:39 UTC</createdTime>
<ownerDesignName>PROJEKT MODEL</ownerDesignName>
<ordsAlias>table_9</ordsAlias>
<allowColumnReorder>false</allowColumnReorder>
<existDependencyGenerateInDDl>true</existDependencyGenerateInDDl>
<parsed>true</parsed>
<columns itemClass="oracle.dbtools.crest.model.design.relational.Column">
<Column name="ID_PŁCI" id="698C052B-38B5-DA59-E82C-E6F8C79D6E2A">
<createdBy>Konrad</createdBy>
<createdTime>2015-12-20 22:57:04 UTC</createdTime>
<ownerDesignName>PROJEKT MODEL</ownerDesignName>
<useDomainConstraints>false</useDomainConstraints>
<use>1</use>
<logicalDatatype>LOGDT011</logicalDatatype>
<ownDataTypeParameters>,,</ownDataTypeParameters>
<autoIncrementCycle>false</autoIncrementCycle>
</Column>
<Column name="NAZWA_PŁCI" id="EC692E4D-B218-0183-B746-9B3B4D5C4407">
<createdBy>Konrad</createdBy>
<createdTime>2015-12-20 22:57:23 UTC</createdTime>
<ownerDesignName>PROJEKT MODEL</ownerDesignName>
<nullsAllowed>true</nullsAllowed>
<useDomainConstraints>false</useDomainConstraints>
<use>1</use>
<logicalDatatype>LOGDT024</logicalDatatype>
<dataTypeSize>10</dataTypeSize>
<ownDataTypeParameters>10,,</ownDataTypeParameters>
<autoIncrementCycle>false</autoIncrementCycle>
</Column>
</columns>
<indexes itemClass="oracle.dbtools.crest.model.design.relational.Index">
<ind_PK_UK id="D6CC0D8F-E834-BB62-85A0-5B4427D7BF40" name="PŁEĆ_PK">
<createdBy>Konrad</createdBy>
<createdTime>2015-12-20 22:57:04 UTC</createdTime>
<ownerDesignName>PROJEKT MODEL</ownerDesignName>
<pk>true</pk>
<indexState>Primary Constraint</indexState>
<isSurrogateKey>false</isSurrogateKey>
<indexColumnUsage>
<colUsage columnID="698C052B-38B5-DA59-E82C-E6F8C79D6E2A"/>
</indexColumnUsage>
</ind_PK_UK>
</indexes>
</Table>