<?xml version = '1.0' encoding = 'UTF-8'?>
<Table class="oracle.dbtools.crest.model.design.relational.Table" directorySegmentName="seg_0" id="6083B70F-5D0B-BDF1-5D32-8E927D340C0D" name="FAKTURA">
<createdBy>Konrad</createdBy>
<createdTime>2015-12-20 22:53:53 UTC</createdTime>
<ownerDesignName>PROJEKT MODEL</ownerDesignName>
<ordsAlias>table_6</ordsAlias>
<allowColumnReorder>false</allowColumnReorder>
<existDependencyGenerateInDDl>true</existDependencyGenerateInDDl>
<parsed>true</parsed>
<columns itemClass="oracle.dbtools.crest.model.design.relational.Column">
<Column name="ID_FAKTURY" id="2E6AB1AD-6389-5959-2980-53B0225CE38A">
<createdBy>Konrad</createdBy>
<createdTime>2015-12-20 22:54:10 UTC</createdTime>
<ownerDesignName>PROJEKT MODEL</ownerDesignName>
<useDomainConstraints>false</useDomainConstraints>
<use>1</use>
<logicalDatatype>LOGDT011</logicalDatatype>
<defaultValue>SEQ_FAKTURA</defaultValue>
<ownDataTypeParameters>,,</ownDataTypeParameters>
<autoIncrementCycle>false</autoIncrementCycle>
</Column>
<Column name="DATA" id="D195FE6F-93E5-FD04-A046-011BED7C4470">
<createdBy>Konrad</createdBy>
<createdTime>2015-12-20 22:54:24 UTC</createdTime>
<ownerDesignName>PROJEKT MODEL</ownerDesignName>
<nullsAllowed>true</nullsAllowed>
<useDomainConstraints>false</useDomainConstraints>
<use>1</use>
<logicalDatatype>LOGDT008</logicalDatatype>
<ownDataTypeParameters>,,</ownDataTypeParameters>
<autoIncrementCycle>false</autoIncrementCycle>
</Column>
<Column name="ID_PRACOWNIKA" id="5E899196-298F-44B8-1BC8-C3D6FD54B8D3">
<createdBy>Konrad</createdBy>
<createdTime>2015-12-20 23:02:02 UTC</createdTime>
<ownerDesignName>PROJEKT MODEL</ownerDesignName>
<useDomainConstraints>false</useDomainConstraints>
<use>1</use>
<logicalDatatype>LOGDT011</logicalDatatype>
<ownDataTypeParameters>,,</ownDataTypeParameters>
<previousColumn>false</previousColumn>
<autoIncrementCycle>false</autoIncrementCycle>
<associations>
<colAssociation fkAssociation="351D8394-8786-7FCC-9CC9-B09B93C26F4A" referredColumn="73F62142-A7CD-E4EE-3547-E140AC149D9D"/>
</associations>
</Column>
<Column name="ID_KLIENTA" id="5A57AC7E-53A0-7EC6-987A-5D82C32A48F7">
<createdBy>Konrad</createdBy>
<createdTime>2015-12-20 23:04:08 UTC</createdTime>
<ownerDesignName>PROJEKT MODEL</ownerDesignName>
<useDomainConstraints>false</useDomainConstraints>
<use>1</use>
<logicalDatatype>LOGDT011</logicalDatatype>
<ownDataTypeParameters>,,</ownDataTypeParameters>
<previousColumn>false</previousColumn>
<autoIncrementCycle>false</autoIncrementCycle>
<associations>
<colAssociation fkAssociation="BFFFFD29-AE99-37BD-F9D0-B4E3AD43A695" referredColumn="2A1146C8-C9A3-A1FC-97F1-32C6285D0C52"/>
</associations>
</Column>
</columns>
<indexes itemClass="oracle.dbtools.crest.model.design.relational.Index">
<ind_PK_UK id="01180D45-8CE3-C1F4-8F87-F89C70C63E17" name="FAKTURA_PK">
<createdBy>Konrad</createdBy>
<createdTime>2015-12-20 22:54:10 UTC</createdTime>
<ownerDesignName>PROJEKT MODEL</ownerDesignName>
<pk>true</pk>
<indexState>Primary Constraint</indexState>
<isSurrogateKey>false</isSurrogateKey>
<indexColumnUsage>
<colUsage columnID="2E6AB1AD-6389-5959-2980-53B0225CE38A"/>
</indexColumnUsage>
</ind_PK_UK>
<ind_PK_UK id="7978D6AE-0E74-A3A4-6A52-340DCC29967A" name="FAKTURA_Pracownik_FK">
<createdBy>Konrad</createdBy>
<createdTime>2015-12-20 23:02:02 UTC</createdTime>
<ownerDesignName>PROJEKT MODEL</ownerDesignName>
<indexState>Foreign Key</indexState>
<isSurrogateKey>false</isSurrogateKey>
<indexColumnUsage>
<colUsage columnID="5E899196-298F-44B8-1BC8-C3D6FD54B8D3"/>
</indexColumnUsage>
</ind_PK_UK>
<ind_PK_UK id="E40E22C2-6E2C-E08E-31B6-DDC7E0654783" name="FAKTURA_KLIENT_FK">
<createdBy>Konrad</createdBy>
<createdTime>2015-12-20 23:04:08 UTC</createdTime>
<ownerDesignName>PROJEKT MODEL</ownerDesignName>
<indexState>Foreign Key</indexState>
<isSurrogateKey>false</isSurrogateKey>
<indexColumnUsage>
<colUsage columnID="5A57AC7E-53A0-7EC6-987A-5D82C32A48F7"/>
</indexColumnUsage>
</ind_PK_UK>
</indexes>
</Table>