<?xml version = '1.0' encoding = 'UTF-8'?>
<relationalModel class="oracle.dbtools.crest.model.design.relational.RelationalDesign" name="Relational_1" id="BDA01079-11F5-0900-DF15-FAA331399EAC" mainViewID="F08C6C4F-8B57-EEAA-91EC-22A29392CF15">
<createdBy>Konrad</createdBy>
<createdTime>2015-12-20 22:44:30 UTC</createdTime>
<ownerDesignName>PROJEKT MODEL</ownerDesignName>
<shouldBeOpen>false</shouldBeOpen>
<selectedRDBMSSite>32076570-2523-435C-2E92-BF29817DFF70</selectedRDBMSSite>
</relationalModel>